MEMBER,PARTY,DISTRICT,TRUMP SCORE,TRUMP MARGIN,PREDICTED SCORE,TRUMP PLUS-MINUS
David G. Valadao*,R,CA-21,97.90%,-15.5,38.80%,59.1
Barbara Comstock*,R,VA-10,97.80%,-10,47.70%,50.1
Erik Paulsen*,R,MN-3,96.90%,-9.4,49.60%,47.3
Edward R. Royce*,R,CA-39,97.90%,-8.6,51.40%,46.5
Carlos Curbelo*,R,FL-26,82.40%,-16.3,37.20%,45.3
Mike Coffman*,R,CO-6,94.80%,-8.9,50.60%,44.2
Stephen Knight*,R,CA-25,98.90%,-6.7,54.80%,44.1
Mimi Walters*,R,CA-45,98.90%,-5.4,57.80%,41.1
Darrell E. Issa*,R,CA-49,93.40%,-7.5,52.70%,40.8
Peter J. Roskam*,R,IL-6,94.70%,-7,55.00%,39.7
Ileana Ros-Lehtinen*,R,FL-27,70.80%,-19.6,32.20%,38.6
Will Hurd,R,TX-23,81.40%,-3.4,43.10%,38.3
Don Bacon,R,NE-2,94.00%,2.2,55.80%,38.3
Mario Diaz-Balart,R,FL-25,91.50%,1.8,54.60%,36.8
Jeff Denham*,R,CA-10,97.90%,-3,62.90%,35
Dan Crenshaw,R,TX-2,94.30%,9.3,61.40%,32.9
John Katko,R,NY-24,75.60%,-3.6,42.90%,32.7
Pete Sessions*,R,TX-32,97.90%,-1.9,65.30%,32.6
Rob Woodall,R,GA-7,98.20%,6.3,66.70%,31.5
John Culberson*,R,TX-7,97.90%,-1.4,66.50%,31.4
Bryan Steil,R,WI-1,94.40%,10.3,64.70%,29.7
David G. Reichert*,R,WA-8,92.50%,-3,62.90%,29.6
Ross Spano,R,FL-15,93.00%,10,63.70%,29.3
Steve Chabot,R,OH-1,95.20%,6.6,67.50%,27.7
Chip Roy,R,TX-21,92.50%,10,65.10%,27.4
Rodney Davis,R,IL-13,91.60%,5.5,64.80%,26.8
Denver Riggleman,R,VA-5,94.40%,11.1,67.90%,26.6
Ryan A. Costello*,R,PA-6,95.70%,-0.6,69.20%,26.5
Karen C. Handel*,R,GA-6,98.40%,1.5,72.00%,26.4
Kenny Marchant,R,TX-24,94.10%,6.2,67.80%,26.3
Patrick Meehan*,R,PA-7,88.70%,-2.3,62.50%,26.2
Michael Turner,R,OH-10,95.20%,7.3,69.50%,25.7
Kevin Yoder*,R,KS-3,92.60%,-1.2,67.10%,25.5
Pete Olson,R,TX-22,96.30%,7.9,71.00%,25.3
Troy Balderson,R,OH-12,94.90%,11.3,70.30%,24.5
Ron Wright,R,TX-6,95.60%,12.3,72.00%,23.6
David Young*,R,IA-3,99.00%,3.5,76.00%,22.9
Devin Nunes,R,CA-22,97.50%,9.5,74.60%,22.9
Dan Bishop,R,NC-9,95.80%,11.6,73.00%,22.9
Henry Cuellar,D,TX-28,44.30%,-19.8,21.50%,22.8
Michael T. McCaul,R,TX-10,96.40%,9.1,74.00%,22.5
Paul D. Ryan*,R,WI-1,95.50%,10.3,73.20%,22.2
Scott Taylor*,R,VA-2,97.80%,3.4,75.90%,21.9
David A. Trott*,R,MI-11,98.90%,4.4,77.20%,21.7
Randy Hultgren*,R,IL-14,96.80%,3.9,76.70%,20.2
Leonard Lance*,R,NJ-7,86.50%,-1.1,67.20%,19.3
French Hill,R,AR-2,97.00%,10.7,77.70%,19.3
Jason Lewis*,R,MN-2,90.30%,1.2,71.60%,18.8
Dana Rohrabacher*,R,CA-48,84.20%,-1.7,65.80%,18.4
Rodney P. Frelinghuysen*,R,NJ-11,89.40%,0.9,71.10%,18.3
Ann Wagner,R,MO-2,95.10%,10.3,77.00%,18.1
Van Taylor,R,TX-3,95.80%,14.2,77.80%,18.1
Ken Calvert,R,CA-42,97.60%,12,80.40%,17.2
Mike Bishop*,R,MI-8,97.90%,6.7,81.10%,16.8
George Holding,R,NC-2,92.10%,9.6,75.30%,16.8
Rod Blum*,R,IA-1,92.50%,3.5,76.10%,16.4
Ted Budd,R,NC-13,92.10%,9.4,75.80%,16.3
Mark Amodei,R,NV-2,97.00%,12.3,80.90%,16.1
Brian Fitzpatrick,R,PA-1,64.50%,-2,48.80%,15.7
Susan W. Brooks,R,IN-5,95.80%,11.8,80.30%,15.5
John Carter,R,TX-31,97.50%,12.7,82.00%,15.5
Brian Mast,R,FL-18,90.70%,9.2,75.30%,15.4
David Joyce,R,OH-14,94.60%,11.5,79.40%,15.2
Vern Buchanan,R,FL-16,92.50%,10.7,77.50%,15
Jim Hagedorn,R,MN-1,94.40%,14.9,79.50%,14.8
Mia B. Love*,R,UT-4,95.70%,6.7,81.10%,14.6
David Schweikert,R,AZ-6,90.50%,10,76.10%,14.4
Thomas MacArthur*,R,NJ-3,94.80%,6.2,80.50%,14.3
Scott Tipton,R,CO-3,94.60%,12,80.40%,14.2
Dennis A. Ross*,R,FL-15,97.80%,10,85.50%,12.4
Cathy McMorris Rodgers,R,WA-5,94.60%,13.1,82.70%,11.9
Chris Stewart,R,UT-2,95.70%,14,83.80%,11.9
Robert J. Wittman,R,VA-1,92.80%,12.4,81.10%,11.7
Patrick J. Tiberi*,R,OH-12,98.30%,11.3,86.70%,11.6
Jaime Herrera Beutler,R,WA-3,81.50%,7.4,70.00%,11.4
Beto O’Rourke*,D,TX-16,30.10%,-40.7,18.80%,11.3
Lamar Smith*,R,TX-21,96.80%,10,85.60%,11.2
Mike Bost,R,IL-12,96.40%,14.8,85.30%,11.2
Charles W. Dent*,R,PA-15,93.00%,7.6,81.90%,11
Scott Perry,R,PA-10,89.70%,8.9,78.80%,10.9
Bruce Poliquin*,R,ME-2,96.80%,10.3,86.00%,10.9
Robert Pittenger*,R,NC-9,97.80%,11.6,87.30%,10.5
Andy Barr,R,KY-6,96.40%,15.3,86.00%,10.4
Buddy Carter,R,GA-1,96.30%,15.5,86.00%,10.3
Tim Walberg,R,MI-7,98.20%,17,88.20%,10.1
J. Luis Correa,D,CA-46,23.80%,-38.4,13.90%,9.9
Rick Allen,R,GA-12,97.00%,16.2,87.10%,9.9
Alexandria Ocasio-Cortez,D,NY-14,13.90%,-57.9,4.00%,9.9
Anthony Gonzalez,R,OH-16,93.00%,16.6,83.30%,9.7
Lloyd Smucker,R,PA-11,95.70%,25.8,86.10%,9.6
Steve Stivers,R,OH-15,95.50%,15.4,86.00%,9.6
Duncan D. Hunter*,R,CA-50,95.30%,15,85.70%,9.6
Jim Costa,D,CA-16,28.60%,-21.6,19.10%,9.5
Fred Upton,R,MI-6,81.40%,8.4,72.10%,9.3
Gene Green*,D,TX-29,28.90%,-45.7,19.70%,9.2
Roger Williams,R,TX-25,94.50%,14.9,85.40%,9.2
Pete Stauber,R,MN-8,90.30%,15.6,81.30%,9
Steve Watkins,R,KS-2,95.80%,18.4,86.90%,8.9
Paul Cook,R,CA-8,94.60%,15.1,85.90%,8.7
Bill Flores,R,TX-17,97.60%,17.5,88.90%,8.7
Brad Wenstrup,R,OH-2,95.80%,16.1,87.20%,8.5
Bradley Schneider,D,IL-10,24.70%,-29.4,16.40%,8.3
John J. Faso*,R,NY-19,89.60%,6.8,81.30%,8.3
Mark Walker,R,NC-6,94.00%,14.7,85.80%,8.2
Gregory F. Murphy,R,NC-3,100.00%,23.6,91.90%,8.1
Joe Wilson,R,SC-2,97.00%,17.7,89.00%,8
Pete King,R,NY-2,81.80%,9.1,73.80%,8
Ted Poe*,R,TX-2,92.30%,9.3,84.40%,7.9
Dave Brat*,R,VA-7,88.40%,6.5,80.80%,7.7
Bill Huizenga,R,MI-2,96.40%,17.6,88.90%,7.5
Lee Zeldin,R,NY-1,88.10%,12.3,81.00%,7.1
Richard Hudson,R,NC-8,92.20%,15,85.40%,6.8
Claudia Tenney*,R,NY-22,96.90%,15.5,90.20%,6.6
Ted Yoho,R,FL-3,93.80%,16,87.20%,6.6
Al Lawson,D,FL-5,24.50%,-25.4,18.30%,6.3
Michael Waltz,R,FL-6,90.30%,17,84.20%,6.1
Jimmy Panetta,D,CA-20,18.50%,-47.2,12.40%,6.1
Kevin McCarthy,R,CA-23,98.20%,22,92.20%,6
Gus M. Bilirakis,R,FL-12,95.80%,18.6,89.80%,5.9
Chris Collins*,R,NY-27,99.30%,24.5,93.40%,5.9
Glenn Grothman,R,WI-6,94.00%,16.9,88.10%,5.9
Gregory W. Meeks,D,NY-5,16.10%,-73,10.30%,5.8
Terri A. Sewell,D,AL-7,19.00%,-41.2,13.30%,5.7
Gregg Harper*,R,MS-3,98.90%,24.5,93.70%,5.3
Virginia Foxx,R,NC-5,94.00%,17.6,88.90%,5.2
Jack Bergman,R,MI-1,97.00%,21.3,91.80%,5.1
Lynn Jenkins*,R,KS-2,96.70%,18.4,91.70%,5.1
Steve Russell*,R,OK-5,93.70%,13.4,88.70%,5
David Scott,D,GA-13,17.60%,-44.4,12.60%,5
Nancy Pelosi,D,CA-12,18.60%,-77.5,13.60%,5
Tom Reed,R,NY-23,90.10%,14.8,85.10%,5
Greg Gianforte,R,MT-AL,94.80%,20.4,89.80%,5
Adam Kinzinger,R,IL-16,93.30%,17.2,88.40%,4.9
Joe Barton*,R,TX-6,92.40%,12.3,87.60%,4.7
Mike Kelly,R,PA-16,96.40%,20,91.80%,4.6
Tim Murphy*,R,PA-18,97.90%,19.6,93.30%,4.6
Michael Guest,R,MS-3,97.20%,24.5,92.70%,4.6
Tom Rice,R,SC-7,94.50%,18.9,90.10%,4.4
Don Young,R,AK-AL,89.70%,14.7,85.30%,4.4
Rashida Tlaib,D,MI-13,8.30%,-60.7,4.00%,4.4
Frank A. LoBiondo*,R,NJ-2,82.30%,4.6,77.90%,4.4
Lou Barletta*,R,PA-11,97.80%,23.8,93.70%,4.2
Albio Sires,D,NJ-8,16.10%,-54.2,12.00%,4.1
Marc Veasey,D,TX-33,15.30%,-49.2,11.20%,4.1
Jeff Fortenberry,R,NE-1,95.70%,21.3,91.70%,4.1
Sam Johnson*,R,TX-3,93.10%,14.2,89.10%,4
Bill Shuster*,R,PA-9,98.90%,42.5,95.00%,4
Debbie Lesko,R,AZ-8,94.70%,21.1,90.80%,4
Randy Weber,R,TX-14,94.40%,19.8,90.50%,3.9
Doug LaMalfa,R,CA-1,94.60%,19.7,90.70%,3.9
Trey Gowdy*,R,SC-4,97.90%,25.7,94.10%,3.8
Thomas J. Rooney*,R,FL-17,97.70%,27.2,94.00%,3.7
Stevan Pearce*,R,NM-2,89.20%,10.2,85.50%,3.7
Gerald E. Connolly,D,VA-11,17.40%,-39.4,13.70%,3.7
John Rutherford,R,FL-4,98.10%,28,94.50%,3.7
John Moolenaar,R,MI-4,97.00%,24.8,93.40%,3.6
Mike Quigley,D,IL-5,15.90%,-46.6,12.30%,3.6
Patrick T. McHenry,R,NC-10,96.90%,24.6,93.50%,3.4
Adam Schiff,D,CA-28,15.50%,-49.8,12.00%,3.4
Chuck Fleischmann,R,TN-3,98.80%,35.2,95.40%,3.4
Greg Pence,R,IN-6,100.00%,40.3,96.60%,3.4
Norma Torres,D,CA-35,17.00%,-40.8,13.60%,3.4
Ron Estes,R,KS-4,96.50%,27.2,93.20%,3.3
Steve Womack,R,AR-3,98.20%,31.4,95.00%,3.2
Ayanna Pressley,D,MA-7,6.90%,-72.2,3.70%,3.2
Ron DeSantis*,R,FL-6,94.30%,17,91.10%,3.2
Eric Swalwell,D,CA-15,16.00%,-45.7,12.90%,3.2
John R. Curtis,R,UT-3,95.70%,23.9,92.50%,3.2
Carol Miller,R,WV-3,100.00%,49.2,96.90%,3.1
Kevin Brady,R,TX-8,98.80%,48.8,95.80%,3
Dan Meuser,R,PA-9,98.60%,34,95.60%,3
Mike Simpson,R,ID-2,96.30%,24.7,93.30%,3
Kay Granger,R,TX-12,97.40%,30.2,94.50%,2.9
Glenn W. Thompson,R,PA-15,98.20%,43.3,95.40%,2.8
David Rouzer,R,NC-7,91.60%,17.7,88.80%,2.7
Ralph Norman,R,SC-5,90.80%,18.5,88.00%,2.7
Dwight Evans,D,PA-3,12.20%,-83.9,9.50%,2.7
Stephen F. Lynch,D,MA-8,20.00%,-26,17.40%,2.6
Sylvia R. Garcia,D,TX-29,6.90%,-45.7,4.40%,2.6
Brett S. Guthrie,R,KY-2,98.20%,39.9,95.70%,2.6
Scott Peters,D,CA-52,21.80%,-22.5,19.30%,2.5
Neal Dunn,R,FL-2,98.20%,35.6,95.70%,2.5
Bill Johnson,R,OH-6,98.20%,42.6,95.70%,2.5
Jackie Walorski,R,IN-2,95.20%,23.2,92.80%,2.5
Salud Carbajal,D,CA-24,23.20%,-20.2,20.70%,2.4
Tom Marino*,R,PA-12,97.90%,36.4,95.50%,2.4
Roger Marshall,R,KS-1,98.20%,45,95.70%,2.4
K. Michael Conaway,R,TX-11,98.20%,58.7,95.80%,2.4
James B. Renacci*,R,OH-16,94.40%,16.6,92.10%,2.3
Robert E. Latta,R,OH-5,95.80%,25.1,93.50%,2.3
Mike Thompson,D,CA-5,14.60%,-44.9,12.40%,2.2
Don Beyer,D,VA-8,13.00%,-52.6,10.80%,2.2
Steve Scalise,R,LA-1,98.60%,42,96.40%,2.2
Daniel M. Donovan Jr.*,R,NY-11,87.20%,9.8,85.10%,2.2
Anna G. Eshoo,D,CA-18,13.70%,-53.2,11.50%,2.2
Tom Graves,R,GA-14,98.20%,52.9,96.10%,2.1
Blaine Luetkemeyer,R,MO-3,97.60%,39,95.60%,2
Tom McClintock,R,CA-4,87.30%,14.7,85.30%,2
Ed Case,D,HI-1,6.90%,-32.6,5.00%,2
Bob Goodlatte*,R,VA-6,95.80%,24.8,93.90%,1.9
Bob Gibbs,R,OH-7,97.00%,29.7,95.00%,1.9
John Shimkus,R,IL-15,97.50%,46.2,95.60%,1.9
Austin Scott,R,GA-8,96.40%,28.9,94.60%,1.9
Greg Steube,R,FL-17,95.80%,27.2,93.90%,1.9
Harold Rogers,R,KY-5,97.50%,62.1,95.60%,1.9
Michael Burgess,R,TX-26,95.80%,26.5,93.90%,1.9
Tulsi Gabbard,D,HI-2,19.50%,-31.8,17.70%,1.9
Robert B. Aderholt,R,AL-4,97.60%,63,95.70%,1.9
John Joyce,R,PA-13,98.60%,45.7,96.80%,1.8
Jackie Speier,D,CA-14,13.20%,-58.7,11.40%,1.8
Frank Lucas,R,OK-3,97.60%,52.7,95.80%,1.8
Kevin Hern,R,OK-1,95.90%,28.7,94.20%,1.8
Rick Crawford,R,AR-1,96.90%,34.8,95.10%,1.8
Bradley Byrne,R,AL-1,96.20%,29.4,94.50%,1.8
Mike Rogers,R,AL-3,97.00%,33,95.20%,1.7
Doug Collins,R,GA-9,97.50%,58.5,95.80%,1.7
Brenda Lawrence,D,MI-14,12.50%,-60.9,10.80%,1.7
Jim Cooper,D,TN-5,24.10%,-18.4,22.40%,1.7
Sean P. Duffy*,R,WI-7,93.40%,20.5,91.70%,1.7
Ben Cline,R,VA-6,94.40%,24.8,92.80%,1.6
Tom Cole,R,OK-4,97.00%,37.4,95.50%,1.5
Ilhan Omar,D,MN-5,5.70%,-55.2,4.20%,1.5
Jim Baird,R,IN-4,97.20%,34.1,95.80%,1.5
Vicky Hartzler,R,MO-4,96.90%,36,95.40%,1.5
Anthony Brown,D,MD-4,12.20%,-57.5,10.70%,1.5
Rob Bishop,R,UT-1,95.70%,27.3,94.20%,1.4
A. Drew Ferguson,R,GA-3,96.40%,31.5,95.00%,1.4
Lance Gooden,R,TX-5,95.80%,28.4,94.30%,1.4
Joseph Crowley*,D,NY-14,17.00%,-57.9,15.60%,1.4
Clay Higgins,R,LA-3,96.90%,38.1,95.50%,1.4
Paul Mitchell,R,MI-10,96.40%,32.2,95.00%,1.4
C. A. Dutch Ruppersberger,D,MD-2,19.80%,-24.4,18.40%,1.4
Jason Chaffetz*,R,UT-3,100.00%,23.9,98.60%,1.4
Hakeem Jeffries,D,NY-8,11.50%,-71.1,10.20%,1.3
Julia Brownley,D,CA-26,20.40%,-21.9,19.10%,1.3
Evan H. Jenkins*,R,WV-3,96.70%,49.2,95.40%,1.3
Mac Thornberry,R,TX-13,97.00%,63,95.80%,1.2
Larry Bucshon,R,IN-8,96.30%,33.7,95.10%,1.2
Al Green,D,TX-9,11.90%,-61.3,10.80%,1.1
Guy Reschenthaler,R,PA-14,95.70%,29,94.60%,1.1
Danny K. Davis,D,IL-7,9.00%,-78.2,8.00%,1.1
Michael E. Capuano*,D,MA-7,15.40%,-72.2,14.30%,1
Darin LaHood,R,IL-18,95.20%,27.3,94.10%,1
Mike Gallagher,R,WI-8,89.80%,17.6,88.80%,1
Doug Lamborn,R,CO-5,94.00%,24,93.10%,0.9
Steven Palazzo,R,MS-4,96.90%,41.2,96.00%,0.9
Marcia L. Fudge,D,OH-11,11.70%,-63.5,10.80%,0.9
José E. Serrano,D,NY-15,10.10%,-88.9,9.30%,0.8
Steve Cohen,D,TN-9,12.00%,-57.7,11.30%,0.8
Robert A. Brady*,D,PA-1,17.20%,-61.3,16.50%,0.7
Elijah Cummings*,D,MD-7,11.70%,-55.6,11.00%,0.7
Zoe Lofgren,D,CA-19,12.80%,-51.4,12.10%,0.7
Nanette Diaz Barragán,D,CA-44,10.80%,-70.7,10.20%,0.7
Jimmy Gomez,D,CA-34,10.10%,-72.9,9.40%,0.6
Liz Cheney,R,WY-AL,96.30%,46.3,95.70%,0.6
Eddie Bernice Johnson,D,TX-30,11.90%,-60.8,11.30%,0.6
Frederica Wilson,D,FL-24,11.00%,-67.5,10.40%,0.6
Carolyn Maloney,D,NY-12,10.90%,-69.8,10.30%,0.6
Jodey Arrington,R,TX-19,96.40%,49,95.80%,0.6
William Timmons,R,SC-4,93.80%,25.7,93.20%,0.6
Tony Cárdenas,D,CA-29,11.70%,-60.9,11.20%,0.6
Lucille Roybal-Allard,D,CA-40,10.80%,-69.4,10.30%,0.6
Ryan K. Zinke*,R,MT-AL,100.00%,20.4,99.40%,0.6
Daniel Lipinski,D,IL-3,25.20%,-15.3,24.60%,0.6
Brenda Jones*,D,MI-13,66.70%,-60.7,66.10%,0.5
Dan Newhouse,R,WA-4,93.20%,22.8,92.70%,0.5
Colleen Hanabusa*,D,HI-1,21.40%,-32.6,21.00%,0.4
Mike Doyle,D,PA-18,15.20%,-27.5,14.80%,0.3
Jeb Hensarling*,R,TX-5,94.80%,28.4,94.50%,0.3
John Rose,R,TN-6,97.10%,48.9,96.80%,0.3
Hank Johnson,D,GA-4,12.00%,-53.1,11.80%,0.3
G.K. Butterfield,D,NC-1,14.50%,-37,14.30%,0.2
Brad Sherman,D,CA-30,13.30%,-43.4,13.10%,0.2
Cedric Richmond,D,LA-2,11.00%,-52.4,10.80%,0.2
Jerrold Nadler,D,NY-10,11.20%,-59.5,11.00%,0.2
Sam Graves,R,MO-6,95.60%,31.4,95.50%,0.1
Mike Johnson,R,LA-4,93.80%,24,93.60%,0.1
Ro Khanna,D,CA-17,11.40%,-53.4,11.30%,0.1
Martha Roby,R,AL-2,95.10%,31.9,95.00%,0.1
Ralph Abraham,R,LA-5,94.40%,29.4,94.30%,0.1
Sheila Jackson Lee,D,TX-18,11.40%,-56.5,11.40%,0
Xavier Becerra*,D,CA-34,0.00%,-72.9,0.00%,0
Phil Roe,R,TN-1,95.80%,57,95.80%,0
Jim Himes,D,CT-4,19.00%,-23,19.10%,-0.1
Greg Stanton,D,AZ-9,6.90%,-16.3,7.00%,-0.1
John Conyers Jr.*,D,MI-13,13.20%,-60.7,13.30%,-0.1
Trent Kelly,R,MS-1,95.20%,33,95.20%,-0.1
Tim Burchett,R,TN-2,95.80%,35.4,95.90%,-0.1
Brian Babin,R,TX-36,95.70%,46.8,95.80%,-0.1
Ted Lieu,D,CA-33,12.50%,-41.3,12.70%,-0.2
Ruben Gallego,D,AZ-7,12.20%,-49.2,12.40%,-0.2
David Kustoff,R,TN-8,95.20%,35.6,95.40%,-0.2
Fred Keller,R,PA-12,95.20%,36.4,95.50%,-0.3
Susan Davis,D,CA-53,14.50%,-34.9,14.80%,-0.3
Donald Payne Jr.,D,NJ-10,8.70%,-72.4,9.00%,-0.4
Vicente Gonzalez,D,TX-15,23.50%,-16.7,23.90%,-0.4
David Price,D,NC-4,13.20%,-40,13.60%,-0.4
Veronica Escobar,D,TX-16,4.20%,-40.7,4.60%,-0.4
Russ Fulcher,R,ID-1,95.80%,38.3,96.30%,-0.5
Greg Walden,R,OR-2,90.50%,20.1,91.00%,-0.5
Bruce Westerman,R,AR-4,94.60%,32.9,95.20%,-0.5
Karen Bass,D,CA-37,9.00%,-76.1,9.60%,-0.6
James Comer,R,KY-1,95.20%,48.5,95.80%,-0.6
Blake Farenthold*,R,TX-27,92.90%,23.6,93.50%,-0.7
Jim Banks,R,IN-3,94.60%,35,95.40%,-0.7
Jared Huffman,D,CA-2,11.10%,-45.7,11.80%,-0.7
Donna Shalala,D,FL-27,5.60%,-19.6,6.30%,-0.7
Adriano Espaillat,D,NY-13,8.30%,-86.9,9.10%,-0.8
Steve King,R,IA-4,93.30%,27.4,94.10%,-0.8
Doris O. Matsui,D,CA-6,12.00%,-44.8,12.80%,-0.8
Joyce Beatty,D,OH-3,13.10%,-38.4,13.90%,-0.8
Earl Blumenauer,D,OR-3,11.70%,-48.2,12.70%,-0.9
Trent Franks*,R,AZ-8,92.90%,21.1,93.80%,-1
Jesus “Chuy” Garcia,D,IL-4,2.80%,-68.9,3.80%,-1
William Lacy Clay Jr.,D,MO-1,10.40%,-58.2,11.40%,-1
Luke Messer*,R,IN-6,94.60%,40.3,95.60%,-1.1
James E. Clyburn,D,SC-6,13.90%,-36.5,15.00%,-1.1
David McKinley,R,WV-1,94.60%,41.6,95.70%,-1.1
Michael Cloud,R,TX-27,91.60%,23.6,92.70%,-1.1
Sanford D. Bishop Jr.,D,GA-2,28.20%,-11.7,29.40%,-1.2
Adrian Smith,R,NE-3,94.50%,54.9,95.80%,-1.2
Alcee L. Hastings,D,FL-20,9.60%,-62.1,10.90%,-1.3
Joseph D. Morelle,D,NY-25,8.20%,-16.4,9.60%,-1.4
Debra A. Haaland,D,NM-1,5.60%,-16.5,7.00%,-1.4
Juan Vargas,D,CA-51,10.90%,-49,12.30%,-1.4
Debbie Mucarsel-Powell,D,FL-26,5.60%,-16.3,7.00%,-1.5
Mary Gay Scanlon,D,PA-5,6.70%,-28.2,8.10%,-1.5
Jim Bridenstine*,R,OK-1,94.20%,28.7,95.70%,-1.5
Robin Kelly,D,IL-2,9.60%,-58.9,11.10%,-1.5
John B. Larson,D,CT-1,17.30%,-23.1,18.80%,-1.5
Bobby L. Rush,D,IL-1,10.70%,-54,12.30%,-1.6
Brendan Boyle,D,PA-2,13.30%,-48,14.80%,-1.6
Markwayne Mullin,R,OK-2,94.30%,50.1,95.90%,-1.6
Kelly Armstrong,R,ND-AL,94.30%,35.7,95.90%,-1.6
Eliot Engel,D,NY-16,10.30%,-52.6,11.90%,-1.6
Lori Trahan,D,MA-3,4.20%,-22.8,5.80%,-1.7
Diana DeGette,D,CO-1,9.30%,-45.8,10.90%,-1.7
Scott DesJarlais,R,TN-4,93.90%,41.2,95.60%,-1.7
TJ Cox,D,CA-21,5.60%,-15.5,7.30%,-1.7
Linda Sánchez,D,CA-38,11.80%,-39.6,13.50%,-1.7
John Lewis,D,GA-5,8.50%,-73.1,10.20%,-1.7
Robert C. Scott,D,VA-3,13.80%,-31.7,15.50%,-1.8
David Trone,D,MD-6,5.60%,-15.1,7.40%,-1.8
Jason Smith,R,MO-8,93.90%,54.4,95.80%,-1.9
Joe Neguse,D,CO-2,4.20%,-21.3,6.00%,-1.9
Alma Adams,D,NC-12,11.70%,-40,13.50%,-1.9
Adam Smith,D,WA-9,10.60%,-47.2,12.40%,-1.9
Val Demings,D,FL-10,15.50%,-26.9,17.40%,-1.9
Jody Hice,R,GA-10,92.10%,25.5,94.00%,-1.9
Grace Meng,D,NY-6,12.80%,-33,14.80%,-2
Mark E. Green,R,TN-7,94.20%,39.3,96.30%,-2.1
Barry Loudermilk,R,GA-11,91.60%,25,93.70%,-2.1
Barbara Lee,D,CA-13,7.20%,-80.6,9.30%,-2.1
Billy Long,R,MO-7,93.70%,45.7,95.90%,-2.2
Filemon Vela,D,TX-34,16.60%,-21.5,18.80%,-2.2
Madeleine Dean,D,PA-4,4.20%,-19.3,6.40%,-2.2
Bill Pascrell Jr.,D,NJ-9,13.40%,-31.2,15.60%,-2.2
Andy Harris,R,MD-1,92.20%,28.6,94.40%,-2.3
Katherine Clark,D,MA-5,11.20%,-43.6,13.40%,-2.3
Steny H. Hoyer,D,MD-5,13.20%,-32,15.40%,-2.3
Diane Black*,R,TN-6,93.60%,48.9,95.90%,-2.3
Tom Emmer,R,MN-6,91.40%,25.7,93.70%,-2.3
Pete Aguilar,D,CA-31,18.30%,-21.1,20.60%,-2.4
Gary Palmer,R,AL-6,94.00%,44.7,96.30%,-2.4
Kristi L. Noem*,R,SD-AL,92.20%,29.8,94.60%,-2.4
Pramila Jayapal,D,WA-7,7.80%,-69.9,10.20%,-2.4
Bill Posey,R,FL-8,89.10%,20.7,91.50%,-2.4
Yvette D. Clarke,D,NY-9,7.80%,-69.1,10.20%,-2.5
Maxine Waters,D,CA-43,8.40%,-61.7,10.90%,-2.5
Raja Krishnamoorthi,D,IL-8,17.40%,-21.7,19.90%,-2.6
Stephanie Murphy,D,FL-7,32.90%,-7.3,35.50%,-2.6
Nydia M. Velázquez,D,NY-7,7.30%,-76.5,9.90%,-2.6
John P. Sarbanes,D,MD-3,13.20%,-30.5,15.90%,-2.7
Jeff Duncan,R,SC-3,92.70%,38,95.60%,-2.9
Daniel Webster,R,FL-11,92.40%,32.3,95.60%,-3.2
Bill Foster,D,IL-11,15.70%,-23.5,18.90%,-3.2
Judy Chu,D,CA-27,10.80%,-37.6,14.10%,-3.3
David Cicilline,D,RI-1,14.50%,-25.6,17.90%,-3.5
Gwen Moore,D,WI-4,8.00%,-52.2,11.50%,-3.5
Joaquin Castro,D,TX-20,13.30%,-26.7,16.80%,-3.5
Luis V. Gutiérrez*,D,IL-4,11.50%,-68.9,15.00%,-3.5
John Ratcliffe,R,TX-4,92.50%,53.6,96.20%,-3.7
Lloyd Doggett,D,TX-35,11.40%,-33.6,15.10%,-3.8
Mark Meadows,R,NC-11,91.30%,29.2,95.10%,-3.9
Grace Napolitano,D,CA-32,10.50%,-38.9,14.40%,-3.9
F. James Sensenbrenner,R,WI-5,87.40%,20.1,91.30%,-3.9
Jennifer Wexton,D,VA-10,5.60%,-10,9.60%,-4.1
John K. Delaney*,D,MD-6,34.40%,-15.1,38.50%,-4.1
Marcy Kaptur,D,OH-9,15.20%,-22.2,19.30%,-4.2
Francis Rooney,R,FL-19,88.90%,22.1,93.10%,-4.2
Garret Graves,R,LA-6,91.00%,33.8,95.30%,-4.3
Keith J. Rothfus*,R,PA-12,88.50%,20.8,92.80%,-4.3
Mark Takano,D,CA-41,12.70%,-27.9,17.00%,-4.3
Debbie Wasserman Schultz,D,FL-23,12.70%,-26.1,17.00%,-4.3
Debbie Dingell,D,MI-12,13.30%,-26.3,17.60%,-4.3
Jan Schakowsky,D,IL-9,8.30%,-45.2,12.70%,-4.3
Bennie G. Thompson,D,MS-2,12.60%,-28.5,17.00%,-4.4
Betty McCollum,D,MN-4,11.40%,-30.9,15.80%,-4.4
Dean Phillips,D,MN-3,5.60%,-9.4,10.00%,-4.5
Todd Rokita*,R,IN-4,90.30%,34.1,94.80%,-4.5
Chrissy Houlahan,D,PA-6,5.60%,-9.3,10.10%,-4.5
Dusty Johnson,R,SD-AL,90.30%,29.8,94.80%,-4.6
Mark Pocan,D,WI-2,9.50%,-36.8,14.20%,-4.7
Mark DeSaulnier,D,CA-11,6.70%,-48.8,11.50%,-4.8
Jason Crow,D,CO-6,5.60%,-8.9,10.40%,-4.8
Alan Lowenthal,D,CA-47,10.40%,-31.6,15.20%,-4.9
Peter Welch,D,VT-AL,12.70%,-26.4,17.60%,-4.9
Gil Cisneros,D,CA-39,5.60%,-8.6,10.60%,-5.1
Dina Titus,D,NV-1,10.40%,-29,15.70%,-5.3
Rick Larsen,D,WA-2,14.50%,-22.1,19.80%,-5.3
Morgan Griffith,R,VA-9,90.20%,41.5,95.60%,-5.4
Donald Norcross,D,NJ-1,12.80%,-24.5,18.20%,-5.4
Ami Bera,D,CA-7,24.40%,-11.4,29.90%,-5.5
Mo Brooks,R,AL-5,89.60%,33.4,95.10%,-5.5
Ken Buck,R,CO-4,87.10%,23.1,92.70%,-5.5
Warren Davidson,R,OH-8,89.60%,34.5,95.20%,-5.6
Jamie Raskin,D,MD-8,9.00%,-34.4,14.80%,-5.8
Keith Ellison*,D,MN-5,9.90%,-55.2,15.70%,-5.8
Elise Stefanik,R,NY-21,78.00%,13.9,83.90%,-5.9
Suzanne Bonamici,D,OR-1,13.20%,-22.8,19.30%,-6.1
Katie Hill*,D,CA-25,3.90%,-6.7,10.20%,-6.3
A. Donald McEachin,D,VA-4,15.50%,-21.6,21.80%,-6.3
Sean Casten,D,IL-6,5.60%,-7,12.10%,-6.5
Thomas A. Garrett Jr.*,R,VA-5,80.00%,11.1,86.50%,-6.5
André Carson,D,IN-7,12.40%,-22.8,19.00%,-6.6
Jim Jordan,R,OH-4,88.60%,33.6,95.20%,-6.6
Richard E. Neal,D,MA-1,14.00%,-20.7,20.70%,-6.7
Brian Higgins,D,NY-26,14.50%,-19.6,21.40%,-7
Trey Hollingsworth,R,IN-9,86.70%,26.9,94.00%,-7.3
Mike Levin,D,CA-49,4.20%,-7.5,11.60%,-7.4
Kathy Castor,D,FL-14,15.10%,-18.2,22.50%,-7.5
Joseph P. Kennedy III,D,MA-4,10.70%,-24.2,18.20%,-7.6
Seth Moulton,D,MA-6,15.40%,-17.9,23.30%,-7.9
Nita Lowey,D,NY-17,12.70%,-20.2,20.70%,-7.9
Lois Frankel,D,FL-21,14.50%,-19.5,22.70%,-8.2
Niki Tsongas*,D,MA-3,19.30%,-22.8,27.70%,-8.3
Katie Porter,D,CA-45,5.60%,-5.4,14.10%,-8.4
Andy Levin,D,MI-9,2.80%,-7.8,11.30%,-8.5
Alex Mooney,R,WV-2,86.90%,36.4,95.50%,-8.6
Raul Grijalva,D,AZ-3,7.30%,-29.9,15.90%,-8.6
Suzan DelBene,D,WA-1,15.70%,-16.3,24.30%,-8.6
Steven A. Horsford,D,NV-4,5.60%,-4.9,14.60%,-9.1
Bonnie Watson Coleman,D,NJ-12,6.00%,-33.2,15.10%,-9.1
Jerry McNerney,D,CA-9,13.00%,-18.6,22.20%,-9.2
John Garamendi,D,CA-3,18.70%,-12.6,28.20%,-9.6
Andy Biggs,R,AZ-5,82.00%,21.1,91.60%,-9.6
Paul A. Gosar,R,AZ-4,86.00%,40.2,95.60%,-9.6
Ted Deutch,D,FL-22,14.00%,-15.8,23.80%,-9.7
Raul Ruiz,D,CA-36,23.40%,-8.8,33.20%,-9.8
Derek Kilmer,D,WA-6,18.70%,-12.3,28.60%,-9.9
Louie Gohmert,R,TX-1,85.60%,46.9,95.60%,-10
Ed Perlmutter,D,CO-7,18.70%,-12,28.80%,-10.1
Jahana Hayes,D,CT-5,5.60%,-4.1,15.90%,-10.3
Rosa L. DeLauro,D,CT-3,14.30%,-15.5,25.00%,-10.7
Ann Kirkpatrick,D,AZ-2,3.10%,-4.9,14.00%,-10.9
William Keating,D,MA-9,18.50%,-10.7,29.80%,-11.2
John A. Yarmuth,D,KY-3,13.90%,-15,25.30%,-11.4
Lisa Blunt Rochester,D,DE-AL,17.80%,-11.4,29.20%,-11.4
Lizzie Pannill Fletcher,D,TX-7,9.70%,-1.4,21.20%,-11.5
Michelle Lujan Grisham*,D,NM-1,25.00%,-16.5,36.50%,-11.5
Matt Gaetz,R,FL-1,84.50%,39.3,96.00%,-11.5
Justin Amash,I,MI-3,63.80%,9.4,75.40%,-11.6
Raúl R. Labrador*,R,ID-1,83.10%,38.3,95.40%,-12.2
Kim Schrier,D,WA-8,5.60%,-3,17.90%,-12.3
James McGovern,D,MA-2,9.00%,-19.4,21.50%,-12.4
Jared Polis*,D,CO-2,17.00%,-21.3,29.50%,-12.5
Darren Soto,D,FL-9,15.60%,-12.9,28.20%,-12.6
Ben R. Lujan,D,NM-3,12.60%,-15.1,25.30%,-12.7
Kathleen Rice,D,NY-4,19.00%,-9.6,31.80%,-12.8
Denny Heck,D,WA-10,16.90%,-11.4,29.70%,-12.9
Colin Allred,D,TX-32,7.00%,-1.9,20.00%,-13
Paul D. Tonko,D,NY-20,13.90%,-13.5,27.30%,-13.4
Peter Visclosky,D,IN-1,15.00%,-12.6,28.50%,-13.5
Josh Harder,D,CA-10,4.20%,-3,17.80%,-13.6
Chellie Pingree,D,ME-1,11.00%,-14.8,25.00%,-14
Emanuel Cleaver,D,MO-5,13.30%,-13.5,27.40%,-14.1
Louise McIntosh Slaughter*,D,NY-25,16.70%,-16.4,31.50%,-14.9
John J. Duncan Jr.*,R,TN-2,80.00%,35.4,94.90%,-14.9
Harley Rouda,D,CA-48,5.60%,-1.7,20.60%,-15
Thomas Suozzi,D,NY-3,21.80%,-6.1,37.20%,-15.4
Sharice Davids,D,KS-3,5.60%,-1.2,21.70%,-16.2
Tom Malinowski,D,NJ-7,5.60%,-1.1,22.00%,-16.4
Susan Wild,D,PA-7,8.00%,-1.1,24.60%,-16.6
Charlie Crist,D,FL-13,26.10%,-3.2,42.90%,-16.9
Frank Pallone Jr.,D,NJ-6,7.80%,-15.6,24.80%,-17
Chris Smith,R,NJ-4,67.70%,14.8,85.20%,-17.6
Jim Langevin,D,RI-2,18.10%,-7.1,35.70%,-17.6
Mark Sanford*,R,SC-1,70.80%,13.1,88.50%,-17.6
Josh Gottheimer,D,NJ-5,34.50%,1.1,53.00%,-18.5
Tom O'Halleran,D,AZ-1,33.30%,1.1,53.00%,-19.7
Kurt Schrader,D,OR-5,21.60%,-4.2,41.30%,-19.7
Ann Kuster,D,NH-2,24.20%,-2.4,44.70%,-20.5
Susie Lee,D,NV-3,6.90%,1,27.90%,-20.9
Mikie Sherrill,D,NJ-11,5.60%,0.9,27.60%,-22
Tim Ryan,D,OH-13,17.00%,-6.5,39.40%,-22.4
Lucy McBath,D,GA-6,6.90%,1.5,29.50%,-22.5
Chris Pappas,D,NH-1,6.90%,1.6,29.80%,-22.9
Angie Craig,D,MN-2,5.60%,1.2,28.50%,-23
Jeff Van Drew,R,NJ-2,16.90%,4.6,41.30%,-24.4
Conor Lamb,D,PA-17,23.70%,2.6,48.60%,-24.9
Thomas Massie,R,KY-4,69.90%,35.9,95.90%,-25.9
Joe Courtney,D,CT-2,17.50%,-2.9,43.50%,-26
Elaine Luria,D,VA-2,9.90%,3.4,36.20%,-26.3
Daniel Kildee,D,MI-5,13.30%,-4.2,40.90%,-27.6
Cheri Bustos,D,IL-17,23.40%,0.7,51.70%,-28.4
Ben McAdams,D,UT-4,20.80%,6.7,49.90%,-29.1
Cindy Axne,D,IA-3,6.90%,3.5,36.70%,-29.7
Abby Finkenauer,D,IA-1,6.90%,3.5,36.70%,-29.7
Sean Patrick Maloney,D,NY-18,22.40%,1.9,54.40%,-32
Lauren Underwood,D,IL-14,5.60%,3.9,38.30%,-32.7
Elizabeth H. Esty*,D,CT-5,26.30%,-4.1,60.40%,-34.1
Peter DeFazio,D,OR-4,14.90%,-0.1,49.10%,-34.2
Sander M. Levin*,D,MI-9,17.90%,-7.8,52.50%,-34.6
Haley Stevens,D,MI-11,5.60%,4.4,40.30%,-34.7
Ruben J. Kihuen*,D,NV-4,22.30%,-4.9,58.80%,-36.5
David Loebsack,D,IA-2,22.80%,4.1,60.60%,-37.8
Ron Kind,D,WI-3,20.80%,4.5,62.30%,-41.5
Abigail Spanberger,D,VA-7,6.90%,6.5,49.10%,-42.1
Andy Kim,D,NJ-3,5.60%,6.2,47.80%,-42.2
Elissa Slotkin,D,MI-8,5.60%,6.7,49.90%,-44.4
Walter B. Jones*,R,NC-3,49.30%,23.6,94.00%,-44.7
Antonio Delgado,D,NY-19,5.60%,6.8,50.30%,-44.8
Collin C. Peterson,D,MN-7,48.10%,30.8,95.20%,-47.1
Carol Shea-Porter*,D,NH-1,23.30%,1.6,71.70%,-48.4
Jared Golden,D,ME-2,12.50%,10.3,64.90%,-52.4
Max N. Rose,D,NY-11,8.50%,9.8,62.90%,-54.4
Matt Cartwright,D,PA-8,20.40%,9.6,75.90%,-55.6
Xochitl Torres Small,D,NM-2,8.30%,10.2,64.50%,-56.1
Kendra Horn,D,OK-5,15.30%,13.4,75.50%,-60.2
Richard M. Nolan*,D,MN-8,27.80%,15.6,90.40%,-62.6
Joe Cunningham,D,SC-1,8.50%,13.1,74.50%,-66.1
Anthony Brindisi,D,NY-22,12.50%,15.5,81.00%,-68.5
Timothy J. Walz*,D,MN-1,20.50%,14.9,89.20%,-68.7
